dir,last_modified
/home/pierce/fetch/solution_997447,2017-08-23 20:58:55.275277000 +0000
/home/pierce/fetch/solution_997418,2016-10-22 01:35:58.155316000 +0000
/home/pierce/fetch/solution_2002572,2016-08-12 22:01:29.591316000 +0000
/home/pierce/fetch/solution_2002267,2016-10-21 21:47:29.439316000 +0000
/home/pierce/fetch/solution_2000961,2016-10-21 19:58:59.867316000 +0000
/home/pierce/fetch/solution_2003265,2017-03-17 21:30:22.271277000 +0000
/home/pierce/fetch/solution_1998748,2016-10-21 18:55:05.947316000 +0000
/home/pierce/fetch/solution_2003621,2017-04-21 01:37:27.587277000 +0000
/home/pierce/fetch/solution_2002158,2016-10-21 21:38:38.307316000 +0000
/home/pierce/fetch/solution_2000402,2016-10-21 19:17:52.487316000 +0000
/home/pierce/fetch/solution_1998847,2016-10-21 18:59:11.335316000 +0000
/home/pierce/fetch/solution_997765,2016-10-22 02:05:52.831316000 +0000
/home/pierce/fetch/solution_2003908,2017-08-09 21:57:59.255277000 +0000
/home/pierce/fetch/solution_1998526,2016-10-21 18:50:40.031316000 +0000
/home/pierce/fetch/solution_2003669,2017-08-23 21:27:11.815277000 +0000
/home/pierce/fetch/solution_2002766,2016-10-07 03:11:59.831316000 +0000
/home/pierce/fetch/solution_998107,2016-10-22 02:17:42.783316000 +0000
/home/pierce/fetch/solution_2001331,2016-10-21 20:30:23.423316000 +0000
/home/pierce/fetch/solution_996338,2016-10-21 22:31:35.907316000 +0000
/home/pierce/fetch/solution_997525,2016-10-22 02:00:28.943316000 +0000
/home/pierce/fetch/solution_998264,2016-10-22 02:24:44.811316000 +0000
/home/pierce/fetch/solution_997766,2016-10-22 02:05:52.947316000 +0000
/home/pierce/fetch/solution_997139,2016-10-22 01:31:29.411316000 +0000
/home/pierce/fetch/solution_1998925,2016-10-21 19:03:03.387316000 +0000
/home/pierce/fetch/solution_2002792,2016-10-18 01:50:41.711316000 +0000
/home/pierce/fetch/solution_2000983,2016-10-21 20:01:05.399316000 +0000
/home/pierce/fetch/solution_1998582,2016-10-21 18:51:38.231316000 +0000
/home/pierce/fetch/solution_2001779,2016-10-21 21:07:23.711316000 +0000
/home/pierce/fetch/solution_2003245,2017-03-17 13:15:56.555277000 +0000
/home/pierce/fetch/solution_2001404,2016-10-21 20:36:30.699316000 +0000
/home/pierce/fetch/solution_2003766,2017-05-26 23:57:07.967277000 +0000
/home/pierce/fetch/solution_2002100,2016-10-21 21:31:01.531316000 +0000
/home/pierce/fetch/solution_2003111,2017-03-15 02:43:19.883277000 +0000
/home/pierce/fetch/solution_997177,2016-10-22 01:32:27.651316000 +0000
/home/pierce/fetch/solution_2002669,2016-09-02 03:24:15.807316000 +0000
/home/pierce/fetch/solution_996749,2016-10-22 01:27:03.727316000 +0000
/home/pierce/fetch/solution_1998424,2016-10-21 18:48:49.827316000 +0000
/home/pierce/fetch/solution_2000284,2016-10-21 19:14:04.327316000 +0000
/home/pierce/fetch/solution_2003388,2017-08-31 08:32:26.759277000 +0000
/home/pierce/fetch/solution_2001723,2016-10-21 20:56:06.359316000 +0000
/home/pierce/fetch/solution_2000168,2016-10-21 19:04:48.655316000 +0000
/home/pierce/fetch/solution_997941,2016-10-22 02:12:34.079316000 +0000
/home/pierce/fetch/solution_2003534,2017-04-04 01:03:55.615277000 +0000
/home/pierce/fetch/solution_2001101,2016-10-21 20:13:15.291316000 +0000
/home/pierce/fetch/solution_2003270,2017-03-18 01:46:51.979277000 +0000
/home/pierce/fetch/solution_998093,2016-10-22 02:17:11.123316000 +0000
/home/pierce/fetch/solution_1998780,2016-10-21 18:57:32.319316000 +0000
/home/pierce/fetch/solution_2000481,2016-10-21 19:24:04.331316000 +0000
/home/pierce/fetch/solution_1998422,2016-10-21 18:48:35.395316000 +0000
/home/pierce/fetch/solution_997061,2016-10-22 01:30:31.459316000 +0000
/home/pierce/fetch/solution_2000340,2016-10-21 19:15:25.387316000 +0000
/home/pierce/fetch/solution_2001540,2016-10-21 20:45:22.507316000 +0000
/home/pierce/fetch/solution_2002553,2016-08-12 11:38:46.127316000 +0000
/home/pierce/fetch/solution_2000179,2016-10-21 19:04:56.003316000 +0000
/home/pierce/fetch/solution_2002990,2017-02-22 23:47:08.571277000 +0000
/home/pierce/fetch/solution_2000644,2016-10-21 19:37:23.747316000 +0000
/home/pierce/fetch/solution_2002110,2016-10-21 21:33:19.967316000 +0000
/home/pierce/fetch/solution_2001306,2016-10-21 20:26:41.999316000 +0000
/home/pierce/fetch/solution_1998548,2016-10-21 18:50:52.039316000 +0000
/home/pierce/fetch/solution_998442,2016-10-22 02:32:06.371316000 +0000
/home/pierce/fetch/solution_1998787,2016-10-21 18:57:48.827316000 +0000
/home/pierce/fetch/solution_996898,2016-10-22 01:29:03.695316000 +0000
/home/pierce/fetch/solution_2000230,2016-10-21 19:08:21.083316000 +0000
/home/pierce/fetch/solution_2003059,2017-08-29 00:49:50.003277000 +0000
/home/pierce/fetch/solution_2000597,2016-10-21 19:30:54.375316000 +0000
/home/pierce/fetch/solution_2003281,2017-03-18 04:25:54.403277000 +0000
/home/pierce/fetch/solution_2002093,2016-10-21 21:30:44.895316000 +0000
/home/pierce/fetch/solution_998326,2016-10-22 02:27:30.595316000 +0000
/home/pierce/fetch/solution_2002689,2016-09-13 00:59:49.263316000 +0000
/home/pierce/fetch/solution_997658,2016-10-22 02:03:25.783316000 +0000
/home/pierce/fetch/solution_997676,2016-10-22 02:03:48.227316000 +0000
/home/pierce/fetch/solution_997927,2016-10-22 02:12:05.415316000 +0000
/home/pierce/fetch/solution_998289,2016-10-22 02:25:53.907316000 +0000
/home/pierce/fetch/solution_998115,2016-10-22 02:17:58.747316000 +0000
/home/pierce/fetch/solution_2003078,2017-03-15 01:15:40.875277000 +0000
/home/pierce/fetch/solution_996511,2016-10-21 22:43:23.899316000 +0000
/home/pierce/fetch/solution_2003984,2017-08-25 23:21:16.859277000 +0000
/home/pierce/fetch/solution_2002565,2016-08-12 17:06:05.539316000 +0000
/home/pierce/fetch/solution_2003801,2017-06-12 23:00:13.927277000 +0000
/home/pierce/fetch/solution_2003939,2017-08-11 23:38:56.527277000 +0000
/home/pierce/fetch/solution_2001022,2016-10-21 20:02:49.819316000 +0000
/home/pierce/fetch/solution_2003015,2017-03-14 03:10:29.031277000 +0000
/home/pierce/fetch/solution_2000548,2016-10-21 19:28:14.399316000 +0000
/home/pierce/fetch/solution_1998493,2016-10-21 18:49:33.419316000 +0000
/home/pierce/fetch/solution_996331,2016-10-21 22:30:58.791316000 +0000
/home/pierce/fetch/solution_2003624,2017-04-22 02:00:10.759277000 +0000
/home/pierce/fetch/solution_998191,2016-10-22 02:21:16.951316000 +0000
/home/pierce/fetch/solution_2002475,2016-10-21 22:16:27.803316000 +0000
/home/pierce/fetch/solution_2001489,2016-10-21 20:42:00.807316000 +0000
/home/pierce/fetch/solution_2003126,2017-03-15 04:59:01.447277000 +0000
/home/pierce/fetch/solution_2002140,2016-10-21 21:35:57.015316000 +0000
/home/pierce/fetch/solution_997238,2016-10-22 01:33:02.091316000 +0000
/home/pierce/fetch/solution_2003704,2017-05-13 00:15:24.015277000 +0000
/home/pierce/fetch/solution_2002346,2016-10-21 21:57:50.191316000 +0000
/home/pierce/fetch/solution_2003240,2017-03-17 01:54:18.951277000 +0000
/home/pierce/fetch/solution_2002912,2016-11-04 23:08:21.883316000 +0000
/home/pierce/fetch/solution_996084,2016-10-21 22:21:29.583316000 +0000
/home/pierce/fetch/solution_2000785,2016-10-21 19:47:16.371316000 +0000
/home/pierce/fetch/solution_2003707,2017-05-16 00:19:27.943277000 +0000
/home/pierce/fetch/solution_2002771,2016-10-08 02:24:12.271316000 +0000
/home/pierce/fetch/solution_2001291,2016-10-21 20:24:40.963316000 +0000
/home/pierce/fetch/solution_997759,2016-10-22 02:05:40.499316000 +0000
/home/pierce/fetch/solution_997138,2016-10-22 01:31:28.339316000 +0000
/home/pierce/fetch/solution_997111,2016-10-22 01:30:50.731316000 +0000
/home/pierce/fetch/solution_2003996,2017-08-30 23:05:40.859277000 +0000
/home/pierce/fetch/solution_997173,2016-10-22 01:31:53.927316000 +0000
/home/pierce/fetch/solution_998075,2016-10-22 02:16:22.831316000 +0000
/home/pierce/fetch/solution_2003846,2017-06-29 18:36:20.719277000 +0000
/home/pierce/fetch/solution_2002126,2016-10-21 21:33:49.539316000 +0000
/home/pierce/fetch/solution_2002294,2016-10-21 21:50:11.431316000 +0000
/home/pierce/fetch/solution_2001066,2016-10-21 20:05:09.395316000 +0000
/home/pierce/fetch/solution_1998729,2016-10-21 18:54:32.091316000 +0000
/home/pierce/fetch/solution_2003011,2017-03-14 01:25:40.219277000 +0000
/home/pierce/fetch/solution_997791,2016-10-22 02:06:23.727316000 +0000
/home/pierce/fetch/solution_1998927,2016-10-21 19:03:13.043316000 +0000
/home/pierce/fetch/solution_2002102,2016-10-21 21:31:22.979316000 +0000
/home/pierce/fetch/solution_2000399,2016-10-21 19:17:17.943316000 +0000
/home/pierce/fetch/solution_998257,2016-10-22 02:24:07.347316000 +0000
/home/pierce/fetch/solution_1998613,2016-10-21 18:52:08.203316000 +0000
/home/pierce/fetch/solution_2000728,2016-10-21 19:41:03.135316000 +0000
/home/pierce/fetch/solution_2000687,2016-10-21 19:39:17.675316000 +0000
/home/pierce/fetch/solution_2002460,2016-10-21 22:14:11.703316000 +0000
/home/pierce/fetch/solution_2000471,2016-10-21 19:24:04.159316000 +0000
/home/pierce/fetch/solution_2000696,2016-10-21 19:39:32.111316000 +0000
/home/pierce/fetch/solution_997203,2016-10-22 01:32:40.171316000 +0000
/home/pierce/fetch/solution_2002824,2016-10-25 00:03:11.895316000 +0000
/home/pierce/fetch/solution_2004021,2017-08-18 23:01:01.691277000 +0000
/home/pierce/fetch/solution_997508,2016-10-22 01:41:58.359316000 +0000
/home/pierce/fetch/solution_997738,2016-10-22 02:05:20.439316000 +0000
/home/pierce/fetch/solution_1998690,2016-10-21 18:53:34.091316000 +0000
/home/pierce/fetch/solution_2000902,2016-10-21 19:56:01.003316000 +0000
/home/pierce/fetch/solution_2002522,2016-08-12 02:30:06.123316000 +0000
/home/pierce/fetch/solution_2002682,2016-09-09 00:48:41.695316000 +0000
/home/pierce/fetch/solution_1998509,2016-10-21 18:50:04.895316000 +0000
/home/pierce/fetch/solution_2003303,2017-03-18 12:18:50.367277000 +0000
/home/pierce/fetch/solution_997461,2016-10-22 01:41:12.307316000 +0000
/home/pierce/fetch/solution_1998914,2016-10-21 19:01:33.059316000 +0000
/home/pierce/fetch/solution_2001366,2016-10-21 20:35:59.095316000 +0000
/home/pierce/fetch/solution_1998423,2016-10-21 18:48:35.711316000 +0000
/home/pierce/fetch/solution_2002515,2016-08-12 00:05:21.879316000 +0000
/home/pierce/fetch/solution_2003841,2017-06-27 23:46:55.059277000 +0000
/home/pierce/fetch/solution_998003,2016-10-22 02:14:00.979316000 +0000
/home/pierce/fetch/solution_2002469,2016-10-21 22:16:16.347316000 +0000
/home/pierce/fetch/solution_1998728,2016-10-21 18:54:09.455316000 +0000
/home/pierce/fetch/solution_998158,2016-10-22 02:20:04.467316000 +0000
/home/pierce/fetch/solution_1998909,2016-10-21 19:01:03.831316000 +0000
/home/pierce/fetch/solution_2003648,2017-05-01 00:31:44.471277000 +0000
/home/pierce/fetch/solution_998231,2016-10-22 02:22:53.783316000 +0000
/home/pierce/fetch/solution_2000208,2016-10-21 19:08:13.011316000 +0000
/home/pierce/fetch/solution_998406,2016-10-22 02:30:49.071316000 +0000
/home/pierce/fetch/solution_2003976,2017-08-22 23:36:05.627277000 +0000
/home/pierce/fetch/solution_2000512,2016-10-21 19:25:44.539316000 +0000
/home/pierce/fetch/solution_998245,2016-10-22 02:23:10.803316000 +0000
/home/pierce/fetch/solution_996055,2016-10-21 22:19:19.211316000 +0000
/home/pierce/fetch/solution_2001453,2016-10-21 20:39:17.219316000 +0000
/home/pierce/fetch/solution_997967,2016-10-22 02:13:10.639316000 +0000
/home/pierce/fetch/solution_2000671,2016-10-21 19:38:39.267316000 +0000
/home/pierce/fetch/solution_2003928,2017-08-08 23:39:14.439277000 +0000
/home/pierce/fetch/solution_2002840,2016-10-25 03:36:03.143316000 +0000
/home/pierce/fetch/solution_997940,2016-10-22 02:12:25.671316000 +0000
/home/pierce/fetch/solution_998087,2016-10-22 02:16:33.679316000 +0000
/home/pierce/fetch/solution_2000842,2016-10-21 19:52:19.627316000 +0000
/home/pierce/fetch/solution_2000507,2016-10-21 19:25:42.883316000 +0000
/home/pierce/fetch/solution_2000906,2016-10-21 19:56:42.035316000 +0000
/home/pierce/fetch/solution_996353,2016-10-21 22:32:47.827316000 +0000
/home/pierce/fetch/solution_2002691,2016-09-14 20:14:44.347316000 +0000
/home/pierce/fetch/solution_2003455,2017-09-01 05:37:39.247277000 +0000
/home/pierce/fetch/solution_998071,2016-10-22 02:16:04.767316000 +0000
/home/pierce/fetch/solution_2004082,2017-08-31 10:22:15.615277000 +0000
/home/pierce/fetch/solution_2001783,2016-10-21 21:07:40.207316000 +0000
/home/pierce/fetch/solution_998160,2016-10-22 02:20:22.591316000 +0000
/home/pierce/fetch/solution_2003383,2017-08-31 05:14:43.647277000 +0000
/home/pierce/fetch/solution_997362,2016-10-22 01:35:04.335316000 +0000
/home/pierce/fetch/solution_2003859,2017-07-07 23:35:17.967277000 +0000
/home/pierce/fetch/solution_2003825,2017-06-22 18:31:44.999277000 +0000
/home/pierce/fetch/solution_2002658,2016-09-01 17:34:40.227316000 +0000
/home/pierce/fetch/solution_2000458,2016-10-21 19:23:18.307316000 +0000
/home/pierce/fetch/solution_2001287,2016-10-21 20:24:13.555316000 +0000
/home/pierce/fetch/solution_997809,2016-10-22 02:09:58.711316000 +0000
/home/pierce/fetch/solution_2000289,2016-10-21 19:14:27.895316000 +0000
/home/pierce/fetch/solution_996078,2016-10-21 22:20:39.487316000 +0000
/home/pierce/fetch/solution_2003195,2017-03-16 03:09:14.271277000 +0000
/home/pierce/fetch/solution_996179,2016-10-21 22:21:51.895316000 +0000
/home/pierce/fetch/solution_2003784,2017-06-06 01:25:12.599277000 +0000
/home/pierce/fetch/solution_996313,2016-10-21 22:30:36.295316000 +0000
/home/pierce/fetch/solution_2003285,2017-03-18 06:36:23.667277000 +0000
/home/pierce/fetch/solution_2000840,2016-10-21 19:52:15.615316000 +0000
/home/pierce/fetch/solution_2001341,2016-10-21 20:30:58.087316000 +0000
/home/pierce/fetch/solution_998179,2016-10-22 02:20:42.539316000 +0000
/home/pierce/fetch/solution_2003744,2017-05-22 23:43:35.643277000 +0000
/home/pierce/fetch/solution_2000518,2016-10-21 19:27:16.435316000 +0000
/home/pierce/fetch/solution_996869,2016-10-22 01:28:59.903316000 +0000
/home/pierce/fetch/solution_998337,2016-10-22 02:27:47.331316000 +0000
/home/pierce/fetch/solution_2002590,2016-08-13 15:16:12.359316000 +0000
/home/pierce/fetch/solution_2003382,2017-08-31 08:35:49.031277000 +0000
/home/pierce/fetch/solution_2004018,2017-08-17 17:58:01.815277000 +0000
/home/pierce/fetch/solution_2001183,2016-10-21 20:18:35.339316000 +0000
/home/pierce/fetch/solution_998172,2016-10-22 02:20:40.191316000 +0000
/home/pierce/fetch/solution_998411,2016-10-22 02:31:13.271316000 +0000
/home/pierce/fetch/solution_1998901,2016-10-21 19:00:55.035316000 +0000
/home/pierce/fetch/solution_2003313,2017-03-18 16:52:01.627277000 +0000
/home/pierce/fetch/solution_2003876,2017-07-13 18:55:22.735277000 +0000
/home/pierce/fetch/solution_2003535,2017-04-06 19:15:56.739277000 +0000
/home/pierce/fetch/solution_997247,2016-10-22 01:33:20.079316000 +0000
/home/pierce/fetch/solution_2001087,2016-10-21 20:09:20.955316000 +0000
/home/pierce/fetch/solution_997647,2016-10-22 02:02:42.199316000 +0000
/home/pierce/fetch/solution_1998874,2016-10-21 18:59:13.451316000 +0000
/home/pierce/fetch/solution_2000240,2016-10-21 19:09:11.287316000 +0000
/home/pierce/fetch/solution_2004007,2017-08-11 22:59:56.855277000 +0000
/home/pierce/fetch/solution_2001311,2016-10-21 20:27:06.955316000 +0000
/home/pierce/fetch/solution_2003949,2017-08-15 23:41:40.203277000 +0000
/home/pierce/fetch/solution_1998912,2016-10-21 19:01:29.223316000 +0000
/home/pierce/fetch/solution_2001692,2016-10-21 20:53:47.723316000 +0000
/home/pierce/fetch/solution_2002963,2017-03-13 19:14:08.091277000 +0000
/home/pierce/fetch/solution_2002356,2016-10-21 21:58:05.279316000 +0000
/home/pierce/fetch/solution_2000633,2016-10-21 19:34:43.439316000 +0000
/home/pierce/fetch/solution_2003009,2016-11-30 02:05:27.955277000 +0000
/home/pierce/fetch/solution_2003236,2017-03-16 21:23:05.599277000 +0000
/home/pierce/fetch/solution_997698,2016-10-22 02:04:12.399316000 +0000
/home/pierce/fetch/solution_2000384,2016-10-21 19:15:39.827316000 +0000
/home/pierce/fetch/solution_2004044,2017-08-22 22:59:08.707277000 +0000
/home/pierce/fetch/solution_2003773,2017-05-30 00:35:08.411277000 +0000
/home/pierce/fetch/solution_2002930,2016-11-09 22:43:30.839316000 +0000
/home/pierce/fetch/solution_2001478,2016-10-21 20:39:49.139316000 +0000
/home/pierce/fetch/solution_998252,2016-10-22 02:24:06.359316000 +0000
/home/pierce/fetch/solution_997602,2016-10-22 02:01:10.327316000 +0000
/home/pierce/fetch/solution_2001651,2016-10-21 20:49:21.387316000 +0000
/home/pierce/fetch/solution_998155,2016-10-22 02:19:44.087316000 +0000
/home/pierce/fetch/solution_2001090,2016-10-21 20:09:25.907316000 +0000
/home/pierce/fetch/solution_2001209,2016-10-21 20:22:09.507316000 +0000
/home/pierce/fetch/solution_997739,2016-10-22 02:05:24.019316000 +0000
/home/pierce/fetch/solution_1998849,2016-10-21 18:59:11.775316000 +0000
/home/pierce/fetch/solution_998368,2016-10-22 02:28:58.075316000 +0000
/home/pierce/fetch/solution_998127,2016-10-22 02:18:50.807316000 +0000
/home/pierce/fetch/solution_2000793,2016-10-21 19:49:26.087316000 +0000
/home/pierce/fetch/solution_2000442,2016-10-21 19:21:28.931316000 +0000
/home/pierce/fetch/solution_997364,2016-10-22 01:35:14.911316000 +0000
/home/pierce/fetch/solution_2002058,2016-10-21 21:27:38.583316000 +0000
/home/pierce/fetch/solution_996286,2016-10-21 22:29:49.863316000 +0000
/home/pierce/fetch/solution_2002290,2016-10-21 21:49:58.899316000 +0000
/home/pierce/fetch/solution_2003583,2017-04-13 21:03:03.323277000 +0000
/home/pierce/fetch/solution_2001302,2016-10-21 20:24:53.447316000 +0000
/home/pierce/fetch/solution_997920,2016-10-22 02:11:01.699316000 +0000
/home/pierce/fetch/solution_2002614,2016-09-01 14:42:39.323316000 +0000
/home/pierce/fetch/solution_2000838,2016-10-21 19:51:16.687316000 +0000
/home/pierce/fetch/solution_2001407,2016-10-21 20:36:34.975316000 +0000
/home/pierce/fetch/solution_997347,2016-10-22 01:34:51.775316000 +0000
/home/pierce/fetch/solution_2001757,2016-10-21 21:00:34.239316000 +0000
/home/pierce/fetch/solution_997473,2016-10-22 01:41:23.111316000 +0000
/home/pierce/fetch/solution_2000151,2016-10-21 19:03:31.603316000 +0000
/home/pierce/fetch/solution_2000967,2016-10-21 19:59:51.103316000 +0000
/home/pierce/fetch/solution_1998835,2016-10-21 18:59:11.207316000 +0000
/home/pierce/fetch/solution_2000659,2016-10-21 19:37:53.023316000 +0000
/home/pierce/fetch/solution_2002239,2016-10-21 21:45:00.371316000 +0000
/home/pierce/fetch/solution_2002713,2016-09-20 01:14:48.135316000 +0000
/home/pierce/fetch/solution_997280,2016-10-22 01:33:57.859316000 +0000
/home/pierce/fetch/solution_2001038,2016-10-21 20:02:53.951316000 +0000
/home/pierce/fetch/solution_998103,2016-10-22 02:17:25.383316000 +0000
/home/pierce/fetch/solution_2001113,2016-10-21 20:13:40.623316000 +0000
/home/pierce/fetch/solution_998219,2016-10-22 02:22:27.383316000 +0000
/home/pierce/fetch/solution_996861,2016-10-22 01:28:41.335316000 +0000
/home/pierce/fetch/solution_996022,2016-10-21 22:19:01.615316000 +0000
/home/pierce/fetch/solution_998275,2016-10-22 02:25:27.063316000 +0000
/home/pierce/fetch/solution_2002544,2016-08-12 05:47:23.167316000 +0000
/home/pierce/fetch/solution_997654,2016-10-22 02:03:05.719316000 +0000
/home/pierce/fetch/solution_2001845,2016-10-21 21:13:33.207316000 +0000
/home/pierce/fetch/solution_2003148,2017-03-15 06:23:22.787277000 +0000
/home/pierce/fetch/solution_2002562,2016-08-12 14:36:21.463316000 +0000
/home/pierce/fetch/solution_2002438,2016-10-21 22:10:41.855316000 +0000
/home/pierce/fetch/solution_2000790,2016-10-21 19:49:14.603316000 +0000
/home/pierce/fetch/solution_2002538,2016-08-12 04:28:28.303316000 +0000
/home/pierce/fetch/solution_2002056,2016-10-21 21:27:12.707316000 +0000
/home/pierce/fetch/solution_998062,2016-10-22 02:15:52.795316000 +0000
/home/pierce/fetch/solution_998201,2016-10-22 02:21:43.443316000 +0000
/home/pierce/fetch/solution_2003414,2017-08-31 06:41:17.327277000 +0000
/home/pierce/fetch/solution_1998619,2016-10-21 18:52:20.003316000 +0000
/home/pierce/fetch/solution_998098,2016-10-22 02:17:13.423316000 +0000
/home/pierce/fetch/solution_998501,2016-10-22 02:32:50.679316000 +0000
/home/pierce/fetch/solution_2000569,2016-10-21 19:30:29.255316000 +0000
/home/pierce/fetch/solution_2002922,2016-11-08 03:51:06.591316000 +0000
/home/pierce/fetch/solution_2003763,2017-05-25 23:05:23.531277000 +0000
/home/pierce/fetch/solution_2003828,2017-08-09 21:49:22.479277000 +0000
/home/pierce/fetch/solution_997297,2016-10-22 01:34:10.023316000 +0000
/home/pierce/fetch/solution_2002992,2017-03-13 21:05:49.731277000 +0000
/home/pierce/fetch/solution_2003355,2017-08-29 18:20:16.779277000 +0000
/home/pierce/fetch/solution_2002722,2016-09-23 10:34:40.271316000 +0000
/home/pierce/fetch/solution_2003433,2017-09-01 07:03:21.619277000 +0000
/home/pierce/fetch/solution_1998699,2016-10-21 18:53:52.243316000 +0000
/home/pierce/fetch/solution_997736,2016-10-22 02:05:20.375316000 +0000
/home/pierce/fetch/solution_2003903,2017-07-27 18:30:11.463277000 +0000
/home/pierce/fetch/solution_2003881,2017-07-25 01:24:22.803277000 +0000
/home/pierce/fetch/solution_2001286,2016-10-21 20:24:09.599316000 +0000
/home/pierce/fetch/solution_2003698,2017-05-11 19:18:30.063277000 +0000
/home/pierce/fetch/solution_2002703,2016-09-16 01:54:08.439316000 +0000
/home/pierce/fetch/solution_2002745,2016-09-30 03:32:17.479316000 +0000
/home/pierce/fetch/solution_2002583,2016-08-13 07:03:11.879316000 +0000
/home/pierce/fetch/solution_2003877,2017-07-14 23:32:56.755277000 +0000
/home/pierce/fetch/solution_998207,2016-10-22 02:21:58.227316000 +0000
/home/pierce/fetch/solution_2000824,2016-10-21 19:50:36.903316000 +0000
/home/pierce/fetch/solution_2001857,2016-10-21 21:13:47.247316000 +0000
/home/pierce/fetch/solution_2003010,2017-03-14 00:16:56.831277000 +0000
/home/pierce/fetch/solution_2002949,2016-11-15 04:30:51.271316000 +0000
/home/pierce/fetch/solution_998376,2016-10-22 02:29:28.455316000 +0000
/home/pierce/fetch/solution_2002224,2016-10-21 21:44:32.699316000 +0000
/home/pierce/fetch/solution_998265,2016-10-22 02:25:14.947316000 +0000
/home/pierce/fetch/solution_2002677,2016-09-07 20:33:19.135316000 +0000
/home/pierce/fetch/solution_997871,2016-10-22 02:10:01.275316000 +0000
/home/pierce/fetch/solution_998358,2016-10-22 02:28:05.519316000 +0000
/home/pierce/fetch/solution_997808,2016-10-22 02:09:30.271316000 +0000
/home/pierce/fetch/solution_997949,2016-10-22 02:12:46.535316000 +0000
/home/pierce/fetch/solution_998464,2016-10-22 02:32:18.015316000 +0000
/home/pierce/fetch/solution_2000196,2016-10-21 19:05:26.087316000 +0000
/home/pierce/fetch/solution_1998555,2016-10-21 18:51:01.111316000 +0000
/home/pierce/fetch/solution_998143,2016-10-22 02:19:18.167316000 +0000
/home/pierce/fetch/solution_998134,2016-10-22 02:19:02.167316000 +0000
/home/pierce/fetch/solution_998077,2016-10-22 02:16:24.475316000 +0000
/home/pierce/fetch/solution_997554,2016-10-22 02:00:46.287316000 +0000
/home/pierce/fetch/solution_2000332,2016-10-21 19:15:18.115316000 +0000
/home/pierce/fetch/solution_2001738,2016-10-21 21:00:31.795316000 +0000
/home/pierce/fetch/solution_998405,2016-10-22 02:30:08.167316000 +0000
/home/pierce/fetch/solution_998465,2016-10-22 02:32:24.447316000 +0000
/home/pierce/fetch/solution_2003308,2017-03-18 14:36:47.959277000 +0000
/home/pierce/fetch/solution_1998588,2016-10-21 18:51:55.123316000 +0000
/home/pierce/fetch/solution_998529,2016-10-22 02:33:31.679316000 +0000
/home/pierce/fetch/solution_998147,2016-10-22 02:19:28.095316000 +0000
/home/pierce/fetch/solution_1998749,2016-10-21 18:55:06.303316000 +0000
/home/pierce/fetch/solution_997806,2016-10-22 02:08:00.919316000 +0000
/home/pierce/fetch/solution_2001433,2016-10-21 20:37:40.595316000 +0000
/home/pierce/fetch/solution_997777,2016-10-22 02:05:53.343316000 +0000
/home/pierce/fetch/solution_2001672,2016-10-21 20:51:51.603316000 +0000
/home/pierce/fetch/solution_1998735,2016-10-21 18:54:32.915316000 +0000
/home/pierce/fetch/solution_997708,2016-10-22 02:04:13.743316000 +0000
/home/pierce/fetch/solution_996752,2016-10-22 01:27:04.623316000 +0000
/home/pierce/fetch/solution_2002141,2016-10-21 21:36:10.603316000 +0000
/home/pierce/fetch/solution_2001674,2016-10-21 20:53:45.211316000 +0000
/home/pierce/fetch/solution_2003150,2017-03-15 13:19:22.651277000 +0000
/home/pierce/fetch/solution_2002850,2016-10-25 03:36:05.543316000 +0000
/home/pierce/fetch/solution_2003490,2017-03-28 06:04:55.127277000 +0000
/home/pierce/fetch/solution_2000496,2016-10-21 19:25:42.819316000 +0000
/home/pierce/fetch/solution_997258,2016-10-22 01:33:38.335316000 +0000
/home/pierce/fetch/solution_2000937,2016-10-21 19:57:43.199316000 +0000
/home/pierce/fetch/solution_2000603,2016-10-21 19:32:28.599316000 +0000
/home/pierce/fetch/solution_997529,2016-10-22 02:00:31.055316000 +0000
/home/pierce/fetch/solution_2003900,2017-07-25 23:31:46.099277000 +0000
/home/pierce/fetch/solution_998229,2016-10-22 02:22:42.779316000 +0000
/home/pierce/fetch/solution_996510,2016-10-21 22:38:03.383316000 +0000
/home/pierce/fetch/solution_2003177,2017-03-15 22:18:18.379277000 +0000
/home/pierce/fetch/solution_2002599,2016-09-09 23:25:28.283316000 +0000
/home/pierce/fetch/solution_2002299,2016-10-21 21:50:30.659316000 +0000
/home/pierce/fetch/solution_1998458,2016-10-21 18:48:49.867316000 +0000
/home/pierce/fetch/solution_2000813,2016-10-21 19:50:25.219316000 +0000
/home/pierce/fetch/solution_2003465,2017-08-31 18:13:28.291277000 +0000
/home/pierce/fetch/solution_996837,2016-10-22 01:27:52.079316000 +0000
/home/pierce/fetch/solution_2001603,2016-10-21 20:48:28.655316000 +0000
/home/pierce/fetch/solution_2003856,2017-07-06 18:54:16.943277000 +0000
/home/pierce/fetch/solution_2001695,2016-10-21 20:55:22.291316000 +0000
/home/pierce/fetch/solution_2003001,2017-04-13 23:01:41.963277000 +0000
/home/pierce/fetch/solution_2000926,2016-10-21 19:57:22.927316000 +0000
/home/pierce/fetch/solution_998247,2016-10-22 02:23:19.455316000 +0000
/home/pierce/fetch/solution_2003485,2017-03-26 00:27:12.535277000 +0000
/home/pierce/fetch/solution_996267,2016-10-21 22:24:55.351316000 +0000
/home/pierce/fetch/solution_1998572,2016-10-21 18:51:20.803316000 +0000
/home/pierce/fetch/solution_2001581,2016-10-21 20:48:23.695316000 +0000
/home/pierce/fetch/solution_2002986,2016-10-24 20:00:37.339316000 +0000
/home/pierce/fetch/solution_996560,2016-10-21 22:44:38.227316000 +0000
/home/pierce/fetch/solution_998562,2016-10-22 02:33:55.723316000 +0000
/home/pierce/fetch/solution_2002108,2016-10-21 21:33:07.731316000 +0000
/home/pierce/fetch/solution_2001767,2016-10-21 21:07:01.419316000 +0000
/home/pierce/fetch/solution_996322,2016-10-21 22:30:58.743316000 +0000
/home/pierce/fetch/solution_2002486,2016-10-21 22:18:27.611316000 +0000
/home/pierce/fetch/solution_2000632,2016-10-21 19:33:09.255316000 +0000
/home/pierce/fetch/solution_1998459,2016-10-21 18:48:51.723316000 +0000
/home/pierce/fetch/solution_2002222,2016-10-21 21:42:09.291316000 +0000
/home/pierce/fetch/solution_996247,2016-10-21 22:23:48.383316000 +0000
/home/pierce/fetch/solution_2000263,2016-10-21 19:09:27.627316000 +0000
/home/pierce/fetch/solution_2000887,2016-10-21 19:55:58.711316000 +0000
/home/pierce/fetch/solution_2002327,2016-10-21 21:55:08.451316000 +0000
/home/pierce/fetch/solution_997075,2016-10-22 01:30:50.271316000 +0000
/home/pierce/fetch/solution_2003483,2017-08-31 18:26:09.563277000 +0000
/home/pierce/fetch/solution_2003169,2017-03-15 19:11:51.939277000 +0000
/home/pierce/fetch/solution_2002906,2016-11-03 00:07:36.735316000 +0000
/home/pierce/fetch/solution_2002546,2016-08-12 08:32:47.535316000 +0000
/home/pierce/fetch/solution_1998468,2016-10-21 18:49:13.779316000 +0000
/home/pierce/fetch/solution_997523,2016-10-22 01:43:47.387316000 +0000
/home/pierce/fetch/solution_2002247,2016-10-21 21:47:07.119316000 +0000
/home/pierce/fetch/solution_2003982,2017-08-24 18:22:02.715277000 +0000
/home/pierce/fetch/solution_996813,2016-10-22 01:27:27.703316000 +0000
/home/pierce/fetch/solution_2002567,2016-08-12 19:21:28.727316000 +0000
/home/pierce/fetch/solution_2000945,2016-10-21 19:58:26.531316000 +0000
/home/pierce/fetch/solution_997620,2016-10-22 02:02:31.983316000 +0000
/home/pierce/fetch/solution_2002613,2016-09-01 12:47:38.115316000 +0000
/home/pierce/fetch/solution_2000524,2016-10-21 19:27:40.115316000 +0000
/home/pierce/fetch/solution_996261,2016-10-21 22:24:54.759316000 +0000
/home/pierce/fetch/solution_2003578,2017-04-12 00:37:56.443277000 +0000
/home/pierce/fetch/solution_996111,2016-10-21 22:21:41.383316000 +0000
/home/pierce/fetch/solution_2001014,2016-10-21 20:01:52.711316000 +0000
/home/pierce/fetch/solution_2003730,2017-05-18 18:48:33.747277000 +0000
/home/pierce/fetch/solution_2003530,2017-04-01 03:20:08.719277000 +0000
/home/pierce/fetch/solution_2003806,2017-06-13 00:09:49.667277000 +0000
/home/pierce/fetch/solution_997805,2016-10-22 02:06:43.439316000 +0000
/home/pierce/fetch/solution_998256,2016-10-22 02:24:06.387316000 +0000
/home/pierce/fetch/solution_997935,2016-10-22 02:12:08.131316000 +0000
/home/pierce/fetch/solution_2003991,2017-08-01 18:56:51.211277000 +0000
/home/pierce/fetch/solution_2000714,2016-10-21 19:39:46.931316000 +0000
/home/pierce/fetch/solution_997315,2016-10-22 01:34:18.867316000 +0000
/home/pierce/fetch/solution_2000655,2016-10-21 19:37:39.715316000 +0000
/home/pierce/fetch/solution_996547,2016-10-21 22:43:48.711316000 +0000
/home/pierce/fetch/solution_2000398,2016-10-21 19:17:05.751316000 +0000
/home/pierce/fetch/solution_2002809,2017-03-13 19:17:52.199277000 +0000
/home/pierce/fetch/solution_2000886,2016-10-21 19:55:58.687316000 +0000
/home/pierce/fetch/solution_997383,2016-10-22 01:35:43.323316000 +0000
/home/pierce/fetch/solution_996399,2016-10-21 22:33:38.603316000 +0000
/home/pierce/fetch/solution_1998894,2016-10-21 19:00:43.391316000 +0000
/home/pierce/fetch/solution_2001566,2016-10-21 20:47:52.055316000 +0000
/home/pierce/fetch/solution_2002255,2016-10-21 21:47:14.427316000 +0000
/home/pierce/fetch/solution_2002607,2016-09-01 08:37:42.263316000 +0000
/home/pierce/fetch/solution_2001308,2016-10-21 20:26:53.875316000 +0000
/home/pierce/fetch/solution_2002411,2016-10-21 22:00:55.663316000 +0000
/home/pierce/fetch/solution_997439,2016-10-22 01:40:53.743316000 +0000
/home/pierce/fetch/solution_2002196,2016-10-21 21:41:43.039316000 +0000
/home/pierce/fetch/solution_2001147,2016-10-21 20:17:45.035316000 +0000
/home/pierce/fetch/solution_1998831,2016-10-21 18:59:00.999316000 +0000
/home/pierce/fetch/solution_2000754,2016-10-21 19:43:51.471316000 +0000
/home/pierce/fetch/solution_2002429,2016-10-21 22:10:15.619316000 +0000
/home/pierce/fetch/solution_2002051,2016-10-21 21:20:25.663316000 +0000
/home/pierce/fetch/solution_998516,2016-10-22 02:33:20.275316000 +0000
/home/pierce/fetch/solution_1998688,2016-10-21 18:53:22.751316000 +0000
/home/pierce/fetch/solution_2003287,2017-03-18 10:06:51.051277000 +0000
/home/pierce/fetch/solution_2002878,2016-10-28 23:31:56.179316000 +0000
/home/pierce/fetch/solution_2000485,2016-10-21 19:25:26.071316000 +0000
/home/pierce/fetch/solution_2002549,2016-08-12 10:18:33.735316000 +0000
/home/pierce/fetch/solution_1998881,2016-10-21 19:00:34.007316000 +0000
/home/pierce/fetch/solution_996312,2016-10-21 22:30:15.395316000 +0000
/home/pierce/fetch/solution_997915,2016-10-22 02:10:53.867316000 +0000
/home/pierce/fetch/solution_2001255,2016-10-21 20:23:38.679316000 +0000
/home/pierce/fetch/solution_996494,2016-10-21 22:37:18.247316000 +0000
/home/pierce/fetch/solution_2001015,2016-10-21 20:01:58.915316000 +0000
/home/pierce/fetch/solution_2003668,2017-05-04 19:42:10.371277000 +0000
/home/pierce/fetch/solution_2002735,2016-09-28 23:04:42.227316000 +0000
/home/pierce/fetch/solution_2002802,2016-09-19 18:59:18.507316000 +0000
/home/pierce/fetch/solution_2001044,2016-10-21 20:04:41.171316000 +0000
/home/pierce/fetch/solution_2002605,2016-09-01 00:59:33.519316000 +0000
/home/pierce/fetch/solution_997476,2016-10-22 01:41:27.503316000 +0000
/home/pierce/fetch/solution_2003780,2017-06-01 18:39:13.335277000 +0000
/home/pierce/fetch/solution_997460,2016-10-22 01:41:09.087316000 +0000
/home/pierce/fetch/solution_2003854,2017-07-04 23:53:37.519277000 +0000
/home/pierce/fetch/solution_2003699,2017-08-23 21:44:20.907277000 +0000
/home/pierce/fetch/solution_998037,2016-10-22 02:14:34.703316000 +0000
/home/pierce/fetch/solution_2000995,2016-10-21 20:01:18.387316000 +0000
/home/pierce/fetch/solution_2003642,2017-04-29 01:08:27.339277000 +0000
/home/pierce/fetch/solution_2001338,2016-10-21 20:30:58.007316000 +0000
/home/pierce/fetch/solution_2000551,2016-10-21 19:28:15.831316000 +0000
/home/pierce/fetch/solution_1998565,2016-10-21 18:51:10.547316000 +0000
/home/pierce/fetch/solution_998090,2016-10-22 02:17:11.079316000 +0000
/home/pierce/fetch/solution_2003008,2017-03-13 23:03:21.579277000 +0000
/home/pierce/fetch/solution_2002513,2016-09-06 22:58:16.843316000 +0000
/home/pierce/fetch/solution_1998928,2016-10-21 19:03:20.499316000 +0000
/home/pierce/fetch/solution_1998660,2016-10-21 18:53:07.375316000 +0000
/home/pierce/fetch/solution_998186,2016-10-22 02:21:00.119316000 +0000
/home/pierce/fetch/solution_2002171,2016-10-21 21:39:09.199316000 +0000
/home/pierce/fetch/solution_2002499,2016-10-21 22:18:33.183316000 +0000
/home/pierce/fetch/solution_997893,2016-10-22 02:10:16.231316000 +0000
/home/pierce/fetch/solution_2003639,2017-04-27 19:58:21.267277000 +0000
/home/pierce/fetch/solution_2003868,2017-07-11 23:58:36.231277000 +0000
/home/pierce/fetch/solution_2003561,2017-04-10 00:34:39.735277000 +0000
/home/pierce/fetch/solution_2000292,2016-10-21 19:14:40.951316000 +0000
/home/pierce/fetch/solution_2001185,2016-10-21 20:18:55.887316000 +0000
/home/pierce/fetch/solution_2001124,2016-10-21 20:17:01.655316000 +0000
/home/pierce/fetch/solution_2003832,2017-08-29 00:51:10.327277000 +0000
/home/pierce/fetch/solution_2000204,2016-10-21 19:08:06.123316000 +0000
/home/pierce/fetch/solution_2000844,2016-10-21 19:53:06.695316000 +0000
/home/pierce/fetch/solution_2001694,2016-10-21 20:55:08.703316000 +0000
/home/pierce/fetch/solution_998308,2016-10-22 02:26:49.887316000 +0000
/home/pierce/fetch/solution_996508,2016-10-21 22:38:02.699316000 +0000
/home/pierce/fetch/solution_2002184,2016-10-21 21:41:40.855316000 +0000
/home/pierce/fetch/solution_996198,2016-10-21 22:22:37.931316000 +0000
/home/pierce/fetch/solution_2002494,2016-10-21 22:18:30.887316000 +0000
/home/pierce/fetch/solution_2003628,2017-04-24 01:01:40.507277000 +0000
/home/pierce/fetch/solution_2003183,2017-03-15 22:48:26.695277000 +0000
/home/pierce/fetch/solution_2003532,2017-04-02 00:01:34.523277000 +0000
/home/pierce/fetch/solution_1998776,2016-10-21 18:55:17.927316000 +0000
/home/pierce/fetch/solution_2000577,2016-10-21 19:30:43.107316000 +0000
/home/pierce/fetch/solution_2002481,2016-10-21 22:16:41.507316000 +0000
/home/pierce/fetch/solution_2000646,2016-10-21 19:37:25.295316000 +0000
/home/pierce/fetch/solution_2000622,2016-10-21 19:32:57.823316000 +0000
/home/pierce/fetch/solution_2003322,2017-03-18 19:30:27.795277000 +0000
/home/pierce/fetch/solution_2001054,2016-10-21 20:04:53.591316000 +0000
/home/pierce/fetch/solution_997796,2016-10-22 02:06:41.591316000 +0000
/home/pierce/fetch/solution_2000522,2016-10-21 19:27:26.359316000 +0000
/home/pierce/fetch/solution_2001860,2016-10-21 21:20:23.471316000 +0000
/home/pierce/fetch/solution_2000161,2016-10-21 19:04:39.547316000 +0000
/home/pierce/fetch/solution_2001145,2016-10-21 20:17:21.091316000 +0000
/home/pierce/fetch/solution_996408,2016-10-21 22:35:11.491316000 +0000
/home/pierce/fetch/solution_2000457,2016-10-21 19:22:36.451316000 +0000
/home/pierce/fetch/solution_997715,2016-10-22 02:04:26.647316000 +0000
/home/pierce/fetch/solution_2000624,2016-10-21 19:33:01.351316000 +0000
/home/pierce/fetch/solution_2003823,2017-06-19 23:38:00.703277000 +0000
/home/pierce/fetch/solution_996621,2016-10-21 22:45:07.311316000 +0000
/home/pierce/fetch/solution_997922,2016-10-22 02:11:58.907316000 +0000
/home/pierce/fetch/solution_997943,2016-10-22 02:12:44.955316000 +0000
/home/pierce/fetch/solution_998550,2016-10-22 02:33:38.279316000 +0000
/home/pierce/fetch/solution_998216,2016-10-22 02:22:25.023316000 +0000
/home/pierce/fetch/solution_2001472,2016-10-21 20:39:30.871316000 +0000
/home/pierce/fetch/solution_1998666,2016-10-21 18:53:15.647316000 +0000
/home/pierce/fetch/solution_2003333,2017-03-18 21:38:11.335277000 +0000
/home/pierce/fetch/solution_998016,2016-10-22 02:14:07.059316000 +0000
/home/pierce/fetch/solution_998263,2016-10-22 02:24:35.727316000 +0000
/home/pierce/fetch/solution_2001477,2016-10-21 20:39:44.419316000 +0000
/home/pierce/fetch/solution_997244,2016-10-22 01:33:10.599316000 +0000
/home/pierce/fetch/solution_998121,2016-10-22 02:18:12.387316000 +0000
/home/pierce/fetch/solution_998431,2016-10-22 02:31:23.059316000 +0000
/home/pierce/fetch/solution_2000856,2016-10-21 19:53:23.763316000 +0000
/home/pierce/fetch/solution_2002212,2016-10-21 21:41:58.187316000 +0000
/home/pierce/fetch/solution_996432,2016-10-21 22:35:35.831316000 +0000
/home/pierce/fetch/solution_2000180,2016-10-21 19:05:01.263316000 +0000
/home/pierce/fetch/solution_2000678,2016-10-21 19:39:16.211316000 +0000
/home/pierce/fetch/solution_1998651,2016-10-21 18:52:56.543316000 +0000
/home/pierce/fetch/solution_2001734,2016-10-21 21:00:00.319316000 +0000
/home/pierce/fetch/solution_2002760,2016-10-05 22:57:40.835316000 +0000
/home/pierce/fetch/solution_2004016,2017-08-16 22:59:24.283277000 +0000
/home/pierce/fetch/solution_2001011,2016-10-21 20:01:41.547316000 +0000
/home/pierce/fetch/solution_2003850,2017-06-30 23:41:09.183277000 +0000
/home/pierce/fetch/solution_993554,2017-04-23 00:12:39.299277000 +0000
/home/pierce/fetch/solution_2003048,2017-03-14 07:31:24.503277000 +0000
/home/pierce/fetch/solution_2003734,2017-05-19 23:53:57.099277000 +0000
/home/pierce/fetch/solution_997542,2016-10-22 02:00:38.047316000 +0000
/home/pierce/fetch/solution_2002243,2016-10-21 21:47:06.463316000 +0000
/home/pierce/fetch/solution_2002166,2016-10-21 21:38:52.427316000 +0000
/home/pierce/fetch/solution_996072,2016-10-21 22:20:37.247316000 +0000
/home/pierce/fetch/solution_2000665,2016-10-21 19:38:23.307316000 +0000
/home/pierce/fetch/solution_997486,2016-10-22 01:41:42.955316000 +0000
/home/pierce/fetch/solution_2000321,2016-10-21 19:14:52.259316000 +0000
/home/pierce/fetch/solution_2003416,2017-09-01 03:52:20.875277000 +0000
/home/pierce/fetch/solution_2000618,2016-10-21 19:32:57.643316000 +0000
/home/pierce/fetch/solution_1998469,2016-10-21 18:49:26.143316000 +0000
/home/pierce/fetch/solution_2003814,2017-06-15 18:25:58.755277000 +0000
/home/pierce/fetch/solution_996451,2016-10-21 22:35:51.315316000 +0000
/home/pierce/fetch/solution_2002652,2016-09-01 16:43:34.247316000 +0000
/home/pierce/fetch/solution_2001693,2016-10-21 20:54:08.123316000 +0000
/home/pierce/fetch/solution_2000977,2016-10-21 20:00:33.531316000 +0000
/home/pierce/fetch/solution_998290,2016-10-22 02:25:54.667316000 +0000
/home/pierce/fetch/solution_2003929,2017-08-10 23:39:04.411277000 +0000
/home/pierce/fetch/solution_2002582,2016-08-13 02:11:03.119316000 +0000
/home/pierce/fetch/solution_2002315,2016-10-21 21:54:46.775316000 +0000
/home/pierce/fetch/solution_998327,2016-10-22 02:27:30.619316000 +0000
/home/pierce/fetch/solution_2001450,2016-10-21 20:37:55.827316000 +0000
/home/pierce/fetch/solution_2002945,2016-11-14 08:25:59.091316000 +0000
/home/pierce/fetch/solution_2000765,2016-10-21 19:46:37.591316000 +0000
/home/pierce/fetch/solution_2000709,2016-10-21 19:39:44.979316000 +0000
/home/pierce/fetch/solution_2000966,2016-10-21 19:59:44.931316000 +0000
/home/pierce/fetch/solution_997910,2016-10-22 02:10:47.795316000 +0000
/home/pierce/fetch/solution_998001,2016-10-22 02:13:29.139316000 +0000
/home/pierce/fetch/solution_1998845,2016-10-21 18:59:11.279316000 +0000
/home/pierce/fetch/solution_997376,2016-10-22 01:35:25.675316000 +0000
/home/pierce/fetch/solution_2001117,2016-10-21 20:14:10.543316000 +0000
/home/pierce/fetch/solution_2002554,2016-08-12 13:16:04.527316000 +0000
/home/pierce/fetch/solution_2001552,2016-10-21 20:45:54.499316000 +0000
/home/pierce/fetch/solution_2000199,2016-10-21 19:08:06.103316000 +0000
/home/pierce/fetch/solution_2003047,2017-03-14 05:37:20.551277000 +0000
/home/pierce/fetch/solution_2003205,2017-03-16 05:46:52.307277000 +0000
/home/pierce/fetch/solution_2001697,2016-10-21 20:55:37.195316000 +0000
/home/pierce/fetch/solution_2003762,2017-05-25 19:35:30.267277000 +0000
/home/pierce/fetch/solution_2002595,2016-08-14 08:21:02.731316000 +0000
/home/pierce/fetch/solution_998048,2016-10-22 02:14:59.015316000 +0000
/home/pierce/fetch/solution_996193,2016-10-21 22:22:04.371316000 +0000
/home/pierce/fetch/solution_998273,2016-10-22 02:25:26.559316000 +0000
/home/pierce/fetch/solution_2001509,2016-10-21 20:42:17.467316000 +0000
/home/pierce/fetch/solution_2003340,2017-03-19 00:11:56.399277000 +0000
/home/pierce/fetch/solution_2002872,2016-10-26 22:59:51.331316000 +0000
/home/pierce/fetch/solution_2003206,2017-03-16 15:49:46.243277000 +0000
/home/pierce/fetch/solution_2002781,2016-10-17 23:20:48.571316000 +0000
/home/pierce/fetch/solution_2002527,2016-09-06 22:58:17.083316000 +0000
/home/pierce/fetch/solution_998315,2016-10-22 02:27:18.475316000 +0000
/home/pierce/fetch/solution_2002465,2017-01-04 19:36:10.691277000 +0000
/home/pierce/fetch/solution_2003990,2017-08-29 23:47:20.191277000 +0000
/home/pierce/fetch/solution_2000600,2016-10-21 19:31:11.631316000 +0000
/home/pierce/fetch/solution_2002081,2016-10-21 21:27:54.227316000 +0000
/home/pierce/fetch/solution_2003912,2017-08-01 23:36:04.019277000 +0000
/home/pierce/fetch/solution_2000862,2016-10-21 19:55:30.971316000 +0000
/home/pierce/fetch/solution_2000243,2016-10-21 19:09:18.659316000 +0000
/home/pierce/fetch/solution_996197,2016-10-21 22:22:36.459316000 +0000
/home/pierce/fetch/solution_2003794,2017-05-18 15:57:42.383277000 +0000
/home/pierce/fetch/solution_2002376,2016-10-21 22:00:24.699316000 +0000
/home/pierce/fetch/solution_2001514,2016-10-21 20:45:04.983316000 +0000
/home/pierce/fetch/solution_1998520,2016-10-21 18:50:30.859316000 +0000
/home/pierce/fetch/solution_998073,2016-10-22 02:16:22.783316000 +0000
/home/pierce/fetch/solution_1998696,2016-10-21 18:53:37.623316000 +0000
/home/pierce/fetch/solution_996320,2016-10-21 22:30:36.331316000 +0000
/home/pierce/fetch/solution_2003955,2017-08-17 23:27:02.455277000 +0000
/home/pierce/fetch/solution_2004055,2017-08-25 22:59:59.499277000 +0000
/home/pierce/fetch/solution_2000435,2016-10-21 19:20:54.855316000 +0000
/home/pierce/fetch/solution_2001344,2016-10-21 20:35:55.351316000 +0000
/home/pierce/fetch/solution_2000923,2016-10-21 19:57:05.827316000 +0000
/home/pierce/fetch/solution_2001822,2016-10-21 21:13:17.111316000 +0000
/home/pierce/fetch/solution_998246,2016-10-22 02:23:17.775316000 +0000
/home/pierce/fetch/solution_998061,2016-10-22 02:15:13.267316000 +0000
/home/pierce/fetch/solution_2004059,2017-08-31 10:38:05.647277000 +0000
/home/pierce/fetch/solution_996023,2016-10-21 22:19:05.991316000 +0000
/home/pierce/fetch/solution_2003594,2017-04-17 01:03:57.483277000 +0000
/home/pierce/fetch/solution_2002610,2016-09-01 11:23:43.863316000 +0000
/home/pierce/fetch/solution_2003125,2017-03-15 04:32:16.439277000 +0000
/home/pierce/fetch/solution_2002454,2016-10-21 22:13:49.319316000 +0000
/home/pierce/fetch/solution_996919,2016-10-22 01:29:24.827316000 +0000
/home/pierce/fetch/solution_2003918,2017-08-03 23:27:32.747277000 +0000
/home/pierce/fetch/solution_2003460,2017-08-31 15:35:36.003277000 +0000
/home/pierce/fetch/solution_996688,2016-10-22 01:26:02.259316000 +0000
/home/pierce/fetch/solution_2002425,2016-10-21 22:02:18.395316000 +0000
/home/pierce/fetch/solution_2003958,2017-08-18 23:20:21.751277000 +0000
/home/pierce/fetch/solution_2002747,2016-10-01 03:09:58.971316000 +0000
/home/pierce/fetch/solution_997721,2016-10-22 02:04:58.567316000 +0000
/home/pierce/fetch/solution_2003360,2017-08-31 17:47:20.343277000 +0000
/home/pierce/fetch/solution_997382,2016-10-22 01:35:37.131316000 +0000
/home/pierce/fetch/solution_2003817,2017-06-16 23:27:13.567277000 +0000
/home/pierce/fetch/solution_998394,2016-10-22 02:29:44.031316000 +0000
/home/pierce/fetch/solution_2003894,2017-07-21 23:25:32.211277000 +0000
/home/pierce/fetch/solution_2002089,2016-10-21 21:30:42.503316000 +0000
/home/pierce/fetch/solution_2002244,2016-10-21 21:47:06.619316000 +0000
/home/pierce/fetch/solution_2001081,2016-10-21 20:08:56.787316000 +0000
/home/pierce/fetch/solution_998262,2016-10-22 02:24:22.899316000 +0000
/home/pierce/fetch/solution_997942,2016-10-22 02:12:44.915316000 +0000
/home/pierce/fetch/solution_997727,2016-10-22 02:05:20.343316000 +0000
/home/pierce/fetch/solution_2000757,2016-10-21 19:44:35.391316000 +0000
/home/pierce/fetch/solution_2002448,2016-10-21 22:13:36.499316000 +0000
/home/pierce/fetch/solution_998328,2016-10-22 02:27:33.471316000 +0000
/home/pierce/fetch/solution_997612,2016-10-22 02:01:37.175316000 +0000
/home/pierce/fetch/solution_2000743,2016-10-21 19:43:31.555316000 +0000
/home/pierce/fetch/solution_997783,2016-10-22 02:06:07.859316000 +0000
/home/pierce/fetch/solution_996461,2016-10-21 22:36:16.607316000 +0000
/home/pierce/fetch/solution_2000800,2016-10-21 19:49:30.091316000 +0000
/home/pierce/fetch/solution_997789,2016-10-22 02:06:10.855316000 +0000
/home/pierce/fetch/solution_997673,2016-10-22 02:03:41.367316000 +0000
/home/pierce/fetch/solution_2002664,2016-09-01 19:58:50.715316000 +0000
/home/pierce/fetch/solution_2002442,2016-10-21 22:11:02.567316000 +0000
/home/pierce/fetch/solution_998248,2016-10-22 02:23:30.403316000 +0000
/home/pierce/fetch/solution_997414,2016-10-22 01:35:54.963316000 +0000
/home/pierce/fetch/solution_2003670,2017-05-06 01:29:14.571277000 +0000
/home/pierce/fetch/solution_1998825,2016-10-21 18:58:50.999316000 +0000
/home/pierce/fetch/solution_2002877,2016-10-28 10:00:20.971316000 +0000
/home/pierce/fetch/solution_2000895,2016-10-21 19:55:58.719316000 +0000
/home/pierce/fetch/solution_2000825,2016-10-21 19:51:12.207316000 +0000
/home/pierce/fetch/solution_2002787,2016-10-18 01:29:39.123316000 +0000
/home/pierce/fetch/solution_2001512,2016-10-21 20:42:51.387316000 +0000
/home/pierce/fetch/solution_2002674,2016-09-06 01:11:24.959316000 +0000
/home/pierce/fetch/solution_996902,2016-10-22 01:29:22.467316000 +0000
/home/pierce/fetch/solution_998049,2016-10-22 02:15:00.971316000 +0000
/home/pierce/fetch/solution_996131,2016-10-21 22:21:51.503316000 +0000
/home/pierce/fetch/solution_996492,2016-10-21 22:37:12.643316000 +0000
/home/pierce/fetch/solution_1998631,2016-10-21 18:52:31.359316000 +0000
/home/pierce/fetch/solution_2001234,2016-10-21 20:23:17.735316000 +0000
/home/pierce/fetch/solution_2000953,2016-10-21 19:58:57.775316000 +0000
/home/pierce/fetch/solution_1998503,2016-10-21 18:49:49.075316000 +0000
/home/pierce/fetch/solution_997614,2016-10-22 02:02:22.199316000 +0000
/home/pierce/fetch/solution_997275,2016-10-22 01:33:48.279316000 +0000
/home/pierce/fetch/solution_998023,2016-10-22 02:14:16.007316000 +0000
/home/pierce/fetch/solution_2001175,2016-10-21 20:18:31.395316000 +0000
/home/pierce/fetch/solution_2001215,2016-10-21 20:22:32.043316000 +0000
/home/pierce/fetch/solution_2001249,2016-10-21 20:23:20.875316000 +0000
/home/pierce/fetch/solution_2000329,2016-10-21 19:14:55.575316000 +0000
/home/pierce/fetch/solution_2002833,2017-03-13 19:17:59.163277000 +0000
/home/pierce/fetch/solution_2002334,2016-10-21 21:57:38.255316000 +0000
/home/pierce/fetch/solution_2002308,2016-10-21 21:52:37.755316000 +0000
/home/pierce/fetch/solution_998387,2016-10-22 02:29:30.495316000 +0000
/home/pierce/fetch/solution_2003921,2017-08-04 23:42:39.343277000 +0000
/home/pierce/fetch/solution_997128,2016-10-22 01:31:03.155316000 +0000
/home/pierce/fetch/solution_996010,2016-10-21 22:19:01.519316000 +0000
/home/pierce/fetch/solution_998547,2016-10-22 02:33:38.055316000 +0000
/home/pierce/fetch/solution_997324,2016-10-22 01:34:32.223316000 +0000
/home/pierce/fetch/solution_2000576,2016-10-21 19:30:30.635316000 +0000
/home/pierce/fetch/solution_997186,2016-10-22 01:32:29.391316000 +0000
/home/pierce/fetch/solution_2001074,2016-10-21 20:08:35.943316000 +0000
/home/pierce/fetch/solution_997118,2016-10-22 01:30:52.631316000 +0000
/home/pierce/fetch/solution_998124,2016-10-22 02:18:42.375316000 +0000
/home/pierce/fetch/solution_998156,2016-10-22 02:20:04.419316000 +0000
/home/pierce/fetch/solution_998574,2016-10-22 02:34:07.403316000 +0000
/home/pierce/fetch/solution_2004058,2017-08-30 23:12:38.647277000 +0000
/home/pierce/fetch/solution_998298,2016-10-22 02:26:10.911316000 +0000
/home/pierce/fetch/solution_2002232,2016-10-21 21:44:46.587316000 +0000
/home/pierce/fetch/solution_5000000,2016-10-21 22:18:48.051316000 +0000
/home/pierce/fetch/solution_2000423,2016-10-21 19:20:39.115316000 +0000
/home/pierce/fetch/solution_997463,2016-10-22 01:41:22.967316000 +0000
/home/pierce/fetch/solution_997597,2016-10-22 02:00:57.035316000 +0000
/home/pierce/fetch/solution_2002578,2016-08-12 23:32:45.695316000 +0000
/home/pierce/fetch/solution_2003796,2017-08-09 21:46:07.667277000 +0000
/home/pierce/fetch/solution_2001825,2016-10-21 21:13:20.211316000 +0000
/home/pierce/fetch/solution_2000726,2016-10-21 19:40:26.863316000 +0000
/home/pierce/fetch/solution_2001803,2016-10-21 21:08:14.535316000 +0000
/home/pierce/fetch/solution_998198,2016-10-22 02:21:41.959316000 +0000
/home/pierce/fetch/solution_2001664,2016-10-21 20:49:32.847316000 +0000
/home/pierce/fetch/solution_2000414,2016-10-21 19:18:12.207316000 +0000
/home/pierce/fetch/solution_2003682,2017-05-09 00:11:01.935277000 +0000
/home/pierce/fetch/solution_2003893,2017-07-20 18:29:57.091277000 +0000
/home/pierce/fetch/solution_998244,2016-10-22 02:23:03.355316000 +0000
/home/pierce/fetch/solution_2002399,2016-10-21 22:00:38.283316000 +0000
/home/pierce/fetch/solution_2003374,2017-09-01 09:02:41.175277000 +0000
/home/pierce/fetch/solution_2002914,2016-11-05 11:38:40.759316000 +0000
/home/pierce/fetch/solution_997071,2016-10-22 01:30:50.255316000 +0000
/home/pierce/fetch/solution_996337,2016-10-21 22:31:32.283316000 +0000
/home/pierce/fetch/solution_998088,2016-10-22 02:16:45.171316000 +0000
/home/pierce/fetch/solution_2000778,2016-10-21 19:46:53.387316000 +0000
/home/pierce/fetch/solution_998455,2016-10-22 02:32:09.039316000 +0000
/home/pierce/fetch/solution_1998587,2016-10-21 18:51:54.555316000 +0000
/home/pierce/fetch/solution_1998709,2016-10-21 18:54:03.399316000 +0000
/home/pierce/fetch/solution_996306,2016-10-21 22:30:13.607316000 +0000
/home/pierce/fetch/solution_997611,2016-10-22 02:01:26.807316000 +0000
/home/pierce/fetch/solution_2004053,2017-08-30 21:37:55.643277000 +0000
/home/pierce/fetch/solution_2003791,2017-06-08 18:39:15.579277000 +0000
/home/pierce/fetch/solution_2001794,2016-10-21 21:07:55.559316000 +0000
/home/pierce/fetch/solution_2000801,2016-10-21 19:50:01.467316000 +0000
/home/pierce/fetch/solution_996043,2016-10-21 22:19:13.743316000 +0000
/home/pierce/fetch/solution_2002150,2016-10-21 21:36:25.607316000 +0000
/home/pierce/fetch/solution_998343,2016-10-22 02:27:48.071316000 +0000
/home/pierce/fetch/solution_2002715,2016-09-21 22:22:51.923316000 +0000
/home/pierce/fetch/solution_996336,2016-10-21 22:31:01.255316000 +0000
/home/pierce/fetch/solution_998043,2016-10-22 02:14:48.375316000 +0000
